Label,Step id,Step time
pfs-omp: 7-noio,1,2.65
pfs-omp: 7-noio,2,1.37
pfs-omp: 7-noio,3,1.39
pfs-omp: 7-noio,4,1.37
pfs-omp: 7-noio,5,1.49
pfs-omp: 7-noio,6,1.39
pfs-omp: 7-noio,7,1.39
pfs-omp: 7-noio,8,1.37
pfs-omp: 7-noio,9,1.36
pfs-omp: 7-noio,10,1.44
pfs-omp: 7-noio,11,1.4
pfs-omp: 7-noio,12,1.39
pfs-omp: 7-noio,13,1.38
pfs-omp: 7-noio,14,1.44
pfs-omp: 7-noio,15,1.44
pfs-omp: 7-noio,16,1.41
pfs-omp: 7-noio,17,1.4
pfs-omp: 7-noio,18,1.38
pfs-omp: 7-noio,19,1.37
pfs-omp: 7-noio,20,1.43
pfs-omp: 7-noio,21,1.4
pfs-omp: 7-noio,22,1.39
pfs-omp: 7-noio,23,1.38
pfs-omp: 7-noio,24,1.36
pfs-omp: 7-noio,25,1.43
pfs-omp: 7-noio,26,1.4
pfs-omp: 7-noio,27,1.39
pfs-omp: 7-noio,28,1.36
pfs-omp: 7-noio,29,1.36
pfs-omp: 7-noio,30,1.42
pfs-omp: 7-noio,31,1.4
pfs-omp: 7-noio,32,1.38
pfs-omp: 7-noio,33,1.38
pfs-omp: 7-noio,34,1.36
pfs-omp: 7-noio,35,1.42
pfs-omp: 7-noio,36,1.4
pfs-omp: 7-noio,37,1.38
pfs-omp: 7-noio,38,1.37
pfs-omp: 7-noio,39,1.38
pfs-omp: 7-noio,40,1.42
pfs-omp: 7-noio,41,1.4
pfs-omp: 7-noio,42,1.39
pfs-omp: 7-noio,43,1.37
pfs-omp: 7-noio,44,1.36
pfs-omp: 7-noio,45,1.42
pfs-omp: 7-noio,46,1.39
pfs-omp: 7-noio,47,1.39
pfs-omp: 7-noio,48,1.37
pfs-omp: 7-noio,49,1.36
pfs-omp: 7-noio,50,1.41
